{"acc": 0.8326173724489945, "loss": 0.1705395686983732, "_timestamp": 1685791211.0496602, "_runtime": 28.944988250732422, "_step": 7, "_wandb": {"runtime": 28}}